Workbook

Sheet Student
A1: Student ID | B1: Name | C1: Department | D1: Marks | E1: Attendance
A2: 1 | B2: Aarav Sharma | C2: Data Science & Analytics | D2: 92 | E2: 95
A3: 2 | B3: Aditi Verma | C3: Computer Science | D3: 78 | E3: 88
A4: 3 | B4: Rahul Kumar | C4: Information Technology | D4: 85 | E4: 92
A5: 4 | B5: Priya Singh | C5: Data Science & Analytics | D5: 67 | E5: 76
A6: 5 | B6: Arjun Patel | C6: Artificial Intelligence | D6: 95 | E6: 98
A7: 6 | B7: Sneha Reddy | C7: Computer Science | D7: 81 | E7: 85
A8: 7 | B8: Karan Mehta | C8: Information Technology | D8: 74 | E8: 79
A9: 8 | B9: Neha Gupta | C9: Cyber Security | D9: 88 | E9: 91
A10: 9 | B10: Rohan Das | C10: Data Science & Analytics | D10: 90 | E10: 94
A11: 10 | B11: Ananya Nair | C11: Electronics & Communication | D11: 69 | E11: 81
A12: 11 | B12: Vikram Rao | C12: Mechanical Engineering | D12: 76 | E12: 87
A13: 12 | B13: Pooja Joshi | C13: Civil Engineering | D13: 84 | E13: 90
... A31: 30 | B31: Bhavya Bansal | C31: Artificial Intelligence & Machine Learning | D31: 97 | E31: 94

Sheet Dashboard
A4: Total Students | B4: =COUNT(Student!A2:A31) -> 30
A5: Average | B5: =AVERAGE(Student!D2:D31) -> 82.2
A6: Highest Mark | B6: =MAX(Student!D2:D31) -> 97
A7: Lowest Mark | B7: =MIN(Student!D2:D31) -> 66
A8: Students with attendance >90 | B8: =COUNTIF(Student!E2:E31,">90") -> 12
A9: Students Scoring >80 | B9: =COUNTIF(Student!D2:D31,">80") -> 17
A10: Student Scoring<50 | B10: =COUNTIF(Student!D2:D31,"<50") -> 0
A11: Average Attendance | B11: =AVERAGE(Student!E2:E31) -> 87.666667
A28: Department | B28: No of Students
A29: Data Science & Analytics | B29: =COUNTIF(Student!C2:C31,Dashboard!A29) -> 5
A30: Computer Science | B30: =COUNTIF(Student!C3:C32,Dashboard!A30) -> 5
A31: Information Technology | B31: =COUNTIF(Student!C4:C33,Dashboard!A31) -> 4
A32: Artificial Intelligence | B32: =COUNTIF(Student!C5:C34,Dashboard!A32) -> 2
A33: Cyber Security | B33: =COUNTIF(Student!C6:C35,Dashboard!A33) -> 2
A34: Electronics & Communication | B34: =COUNTIF(Student!C7:C36,Dashboard!A34) -> 2
A35: Mechanical Engineering | B35: =COUNTIF(Student!C8:C37,Dashboard!A35) -> 2
A36: Civil Engineering | B36: =COUNTIF(Student!C9:C38,Dashboard!A36) -> 1
A37: Artificial Intelligence & Machine Learning | B37: =COUNTIF(Student!C10:C39,Dashboard!A37) -> 2
A38: Business Administration | B38: =COUNTIF(Student!C11:C40,Dashboard!A38) -> 1
A39: Commerce | B39: =COUNTIF(Student!C12:C41,Dashboard!A39) -> 2
A40: Mathematics | B40: =COUNTIF(Student!C13:C42,Dashboard!A40) -> 1
A41: Statistics | B41: =COUNTIF(Student!C14:C43,Dashboard!A41) -> 1
